students_present,day_of_week,weather,exam_week,holiday,menu_popularity,temperature,special_event,rice_consumed_kg
946,Monday,Sunny,0,0,4,30,0,117.09
899,Thursday,Sunny,0,1,9,30,0,97.78
746,Monday,Cold,1,0,8,16,0,89.72
907,Friday,Sunny,0,0,9,35,0,118.75
640,Monday,Rainy,0,1,2,30,0,53.77
862,Sunday,Rainy,0,0,8,27,0,105.59
899,Wednesday,Sunny,0,0,4,29,0,105.16
754,Thursday,Sunny,0,0,2,38,0,76.2
630,Saturday,Rainy,0,0,7,29,0,69.56
644,Friday,Sunny,0,0,2,30,0,74.72
637,Sunday,Sunny,0,0,5,32,0,69.53
612,Thursday,Rainy,0,0,3,27,0,64.02
613,Monday,Sunny,0,0,4,36,0,67.96
671,Tuesday,Cold,0,0,10,11,0,98.57
871,Saturday,Sunny,0,0,10,38,0,104.54
910,Friday,Sunny,1,0,6,37,0,89.94
742,Sunday,Sunny,0,1,10,30,0,83.81
863,Sunday,Sunny,1,0,8,36,0,97.29
600,Tuesday,Cold,0,0,5,18,0,72.6
604,Friday,Sunny,0,0,2,37,0,59.82
785,Wednesday,Sunny,0,1,6,30,0,83.72
714,Friday,Rainy,0,0,2,20,0,75.79
682,Wednesday,Sunny,0,0,4,38,0,79.16
638,Friday,Sunny,0,1,6,28,0,69.33
815,Friday,Rainy,0,0,1,29,0,83.09
842,Monday,Rainy,0,0,7,30,0,98.06
823,Monday,Rainy,1,0,4,26,0,86.28
707,Monday,Sunny,0,0,1,32,0,76.11
665,Tuesday,Sunny,1,0,1,38,0,61.88
653,Friday,Rainy,0,0,3,27,0,71.39
634,Saturday,Sunny,0,0,2,36,0,60.26
667,Wednesday,Sunny,0,0,4,28,0,75.73
807,Saturday,Sunny,0,0,2,33,0,80.92
720,Friday,Sunny,0,0,1,28,0,78.0
681,Tuesday,Rainy,1,0,7,28,0,68.11
734,Monday,Sunny,1,0,5,28,0,81.53
623,Tuesday,Cold,0,0,3,12,0,78.01
818,Saturday,Sunny,0,0,6,31,0,89.87
660,Friday,Sunny,0,0,1,35,0,71.58
602,Friday,Sunny,0,1,6,30,0,58.1
849,Thursday,Sunny,0,0,3,37,0,93.15
634,Wednesday,Sunny,0,0,6,28,0,77.11
682,Tuesday,Sunny,0,0,2,37,1,74.93
787,Sunday,Sunny,0,0,10,36,0,96.49
782,Saturday,Sunny,0,0,6,35,0,91.45
642,Wednesday,Sunny,0,0,4,33,0,72.09
826,Tuesday,Sunny,1,0,2,30,0,81.75
800,Wednesday,Sunny,0,0,9,34,0,110.16
912,Friday,Sunny,0,0,5,34,0,112.11
924,Sunday,Sunny,1,0,6,37,0,86.64
723,Friday,Rainy,0,1,10,27,0,72.09
774,Tuesday,Rainy,0,0,1,20,0,80.86
913,Saturday,Cold,0,0,8,13,0,121.6
719,Friday,Sunny,1,1,2,35,0,60.04
616,Wednesday,Sunny,1,0,3,30,0,63.71
819,Sunday,Sunny,0,0,2,29,0,82.93
788,Monday,Cold,0,0,8,16,0,108.62
938,Monday,Rainy,0,0,9,22,0,114.5
830,Wednesday,Sunny,0,0,8,30,1,121.04
887,Thursday,Sunny,1,0,4,36,0,88.12
751,Wednesday,Sunny,0,0,4,38,0,82.1
652,Monday,Rainy,0,0,4,24,0,73.84
833,Friday,Rainy,0,1,1,24,0,74.91
640,Thursday,Rainy,0,0,3,23,0,62.54
867,Thursday,Sunny,0,0,2,32,0,91.49
856,Friday,Sunny,1,0,6,29,0,97.44
614,Saturday,Sunny,0,0,5,35,0,70.13
622,Sunday,Sunny,1,0,1,35,0,60.79
931,Tuesday,Sunny,0,0,3,31,0,106.64
787,Tuesday,Sunny,0,0,10,32,0,102.22
767,Saturday,Sunny,0,0,4,31,0,88.82
766,Saturday,Rainy,0,0,9,29,0,89.63
871,Saturday,Sunny,0,0,8,35,1,124.4
866,Tuesday,Rainy,1,0,7,21,0,84.12
656,Thursday,Sunny,0,0,9,30,0,85.95
615,Friday,Sunny,0,0,9,29,0,81.81
717,Tuesday,Sunny,0,1,9,35,0,84.17
823,Friday,Sunny,0,0,2,35,0,93.81
925,Sunday,Sunny,0,0,2,38,1,103.94
634,Saturday,Sunny,0,0,1,31,0,68.07
855,Friday,Sunny,1,0,8,33,0,101.19
634,Monday,Rainy,0,0,8,26,0,77.54
913,Thursday,Sunny,0,0,6,35,0,106.2
751,Tuesday,Sunny,0,0,10,33,0,94.2
825,Thursday,Sunny,0,1,5,29,0,87.14
815,Friday,Sunny,1,1,7,37,0,67.06
831,Wednesday,Rainy,0,1,1,27,0,77.76
889,Sunday,Sunny,0,0,8,35,0,107.1
848,Sunday,Sunny,0,1,3,30,0,78.43
778,Friday,Sunny,0,0,5,29,0,97.86
733,Saturday,Sunny,0,1,7,38,1,71.8
653,Monday,Rainy,0,0,5,28,0,79.0
670,Tuesday,Rainy,0,0,1,30,1,74.59
630,Saturday,Sunny,0,0,10,32,0,79.25
603,Sunday,Rainy,0,0,4,29,0,69.94
728,Thursday,Rainy,0,0,1,21,0,77.26
921,Tuesday,Sunny,0,0,5,29,1,124.05
676,Monday,Sunny,1,0,4,28,0,74.26
930,Tuesday,Cold,0,0,1,19,0,105.28
625,Friday,Sunny,0,1,8,29,0,71.38
913,Thursday,Rainy,0,0,5,26,0,106.92
769,Monday,Cold,0,1,9,18,0,89.98
795,Monday,Sunny,0,0,10,35,0,108.78
704,Friday,Sunny,0,1,2,35,0,70.02
607,Friday,Cold,1,1,5,19,0,56.12
826,Wednesday,Sunny,0,0,6,38,1,104.6
867,Monday,Sunny,0,1,5,29,0,87.26
799,Saturday,Rainy,0,0,1,24,0,76.34
851,Tuesday,Cold,0,0,6,17,0,109.31
828,Thursday,Rainy,0,0,9,24,0,100.13
738,Sunday,Rainy,0,1,6,21,0,71.35
642,Friday,Sunny,0,0,6,33,1,81.52
790,Friday,Rainy,0,0,7,22,0,88.88
924,Wednesday,Sunny,0,0,6,35,0,113.61
891,Tuesday,Sunny,0,0,2,32,0,94.55
833,Saturday,Rainy,0,0,10,27,0,99.14
793,Sunday,Rainy,0,0,5,28,0,90.42
830,Tuesday,Sunny,0,0,1,38,0,90.3
636,Tuesday,Rainy,0,0,1,22,0,61.78
921,Tuesday,Cold,0,0,4,14,0,117.45
727,Monday,Sunny,1,0,2,36,0,72.72
758,Monday,Sunny,0,0,1,28,0,85.68
704,Sunday,Sunny,0,1,10,36,0,68.84
837,Saturday,Sunny,0,0,7,31,0,96.94
872,Wednesday,Cold,0,0,6,10,0,117.98
672,Tuesday,Rainy,0,0,6,22,0,78.11
918,Tuesday,Sunny,0,0,10,37,0,115.4
920,Saturday,Sunny,0,0,8,36,0,107.06
693,Saturday,Rainy,0,0,9,22,0,85.32
716,Tuesday,Rainy,0,0,10,25,0,92.38
900,Monday,Sunny,0,0,1,33,0,97.64
666,Sunday,Sunny,0,0,3,29,0,72.21
870,Monday,Sunny,1,1,3,32,0,75.32
749,Saturday,Sunny,0,0,4,32,0,83.78
872,Sunday,Rainy,0,1,8,20,0,85.57
743,Wednesday,Rainy,0,0,10,22,0,95.27
650,Monday,Sunny,0,0,4,37,0,79.16
933,Thursday,Rainy,0,0,2,29,0,99.74
704,Thursday,Sunny,0,1,3,31,0,61.2
719,Tuesday,Sunny,1,0,7,34,0,81.34
867,Wednesday,Sunny,0,0,6,30,0,101.73
872,Friday,Cold,0,0,6,13,0,115.31
806,Friday,Sunny,0,0,7,37,0,92.58
688,Sunday,Rainy,0,0,8,22,0,82.68
711,Saturday,Sunny,0,0,10,33,0,92.44
891,Friday,Sunny,0,0,5,34,0,108.46
904,Friday,Sunny,0,0,1,29,0,100.41
625,Thursday,Sunny,0,0,9,28,0,83.33
831,Monday,Sunny,0,0,7,34,0,95.5
833,Friday,Sunny,0,1,7,36,0,82.43
945,Friday,Sunny,0,0,4,32,0,115.42
927,Wednesday,Sunny,0,0,2,31,0,106.44
740,Thursday,Sunny,0,0,3,33,0,80.03
855,Saturday,Rainy,0,1,2,25,1,78.22
682,Sunday,Rainy,0,0,8,26,0,79.67
683,Tuesday,Sunny,0,0,1,32,0,76.83
732,Saturday,Cold,0,0,7,14,1,99.08
753,Thursday,Rainy,0,0,4,22,0,80.87
812,Tuesday,Sunny,0,0,8,35,0,104.59
861,Sunday,Cold,1,0,9,13,0,105.14
661,Saturday,Sunny,0,1,6,35,0,64.4
780,Monday,Cold,0,0,1,15,0,93.02
663,Friday,Sunny,0,0,1,34,0,74.93
729,Saturday,Sunny,1,0,10,37,1,86.76
753,Wednesday,Sunny,0,1,5,30,0,80.0
848,Thursday,Rainy,0,0,6,27,0,97.16
903,Thursday,Sunny,0,0,1,34,1,111.08
923,Friday,Rainy,0,0,5,29,0,100.68
859,Wednesday,Rainy,0,0,5,23,0,96.13
813,Sunday,Sunny,1,0,3,31,0,72.47
678,Tuesday,Sunny,0,0,10,30,0,87.91
616,Thursday,Rainy,1,0,1,26,0,61.09
884,Wednesday,Sunny,0,0,6,37,1,113.25
867,Wednesday,Sunny,0,0,9,31,0,117.89
853,Friday,Rainy,0,0,6,28,0,101.52
767,Friday,Cold,0,0,7,17,0,99.33
887,Saturday,Sunny,0,0,1,31,0,93.49
827,Tuesday,Sunny,0,0,7,38,0,97.45
639,Tuesday,Sunny,0,0,7,38,0,73.47
705,Tuesday,Sunny,0,0,4,31,0,88.32
919,Wednesday,Rainy,0,0,6,22,1,114.65
816,Thursday,Sunny,0,0,6,35,0,98.49
835,Thursday,Cold,0,0,5,13,0,106.11
704,Thursday,Sunny,0,0,7,34,0,87.1
762,Thursday,Sunny,0,0,10,33,0,95.85
706,Monday,Cold,0,0,10,16,0,93.92
706,Tuesday,Sunny,0,0,7,30,0,84.98
665,Friday,Sunny,1,0,1,28,0,67.09
632,Sunday,Sunny,0,0,3,37,0,60.88
602,Wednesday,Rainy,0,0,5,28,0,68.52
859,Monday,Sunny,0,1,7,33,0,92.61
798,Tuesday,Sunny,0,0,9,34,1,118.75
747,Monday,Cold,0,0,8,20,0,105.39
728,Sunday,Rainy,1,0,2,25,0,60.67
615,Sunday,Sunny,0,0,1,28,0,61.62
887,Friday,Sunny,0,0,10,33,0,114.08
801,Friday,Cold,1,0,4,12,0,92.0
788,Monday,Sunny,0,0,7,32,0,94.29
833,Monday,Sunny,0,0,9,33,1,125.48
628,Monday,Rainy,0,0,4,24,0,73.97
654,Wednesday,Cold,0,0,4,19,0,85.76
798,Friday,Rainy,0,0,2,30,0,85.71
761,Tuesday,Rainy,0,0,6,24,0,88.45
694,Monday,Rainy,0,0,3,21,0,72.92
617,Monday,Sunny,0,0,8,34,1,89.93
776,Saturday,Rainy,0,0,3,28,0,76.68
634,Tuesday,Rainy,0,0,8,21,1,86.32
770,Friday,Sunny,0,0,3,32,0,89.95
871,Thursday,Sunny,0,0,3,37,0,95.53
839,Friday,Sunny,0,1,5,38,0,86.45
642,Wednesday,Sunny,0,0,6,31,0,73.11
738,Tuesday,Rainy,0,0,1,25,0,78.17
694,Sunday,Sunny,1,1,2,33,0,58.12
662,Monday,Sunny,0,0,3,37,0,71.29
603,Friday,Sunny,0,0,9,33,1,87.6
601,Monday,Rainy,0,0,9,23,0,72.59
806,Wednesday,Sunny,0,0,9,38,0,102.97
794,Friday,Sunny,0,0,3,32,0,90.47
837,Thursday,Sunny,0,0,9,35,0,112.58
936,Tuesday,Rainy,0,0,7,28,0,102.72
650,Monday,Sunny,1,0,7,32,0,73.53
668,Thursday,Sunny,1,0,5,36,1,74.59
746,Monday,Sunny,0,0,6,28,0,91.37
787,Tuesday,Sunny,0,0,1,33,1,99.14
678,Monday,Sunny,1,1,8,30,0,66.26
812,Wednesday,Rainy,0,1,5,28,0,73.72
676,Thursday,Sunny,0,1,10,38,0,68.76
711,Friday,Cold,0,0,6,20,0,87.21
679,Tuesday,Rainy,0,1,10,27,1,76.18
671,Thursday,Rainy,0,0,3,24,0,75.09
665,Sunday,Rainy,0,0,9,25,0,80.78
649,Thursday,Sunny,0,0,5,31,0,74.66
822,Monday,Rainy,1,0,6,29,0,82.43
660,Tuesday,Sunny,0,1,8,29,0,76.15
948,Wednesday,Sunny,0,0,6,30,0,109.44
934,Thursday,Sunny,1,1,2,38,0,71.49
848,Saturday,Sunny,0,0,6,33,0,92.6
698,Friday,Sunny,0,0,7,34,0,83.95
770,Monday,Rainy,0,1,2,20,0,72.73
678,Saturday,Sunny,0,0,5,38,0,78.25
609,Monday,Sunny,0,0,4,36,1,73.09
643,Monday,Cold,0,0,2,20,1,76.23
645,Wednesday,Rainy,0,0,9,22,0,85.36
645,Tuesday,Sunny,0,0,7,37,0,70.22
908,Saturday,Sunny,0,0,2,38,1,97.13
809,Sunday,Sunny,0,0,6,36,0,91.52
838,Tuesday,Sunny,0,0,7,36,0,101.43
615,Sunday,Cold,1,0,3,16,0,61.11
616,Saturday,Cold,0,0,5,10,0,80.12
710,Wednesday,Sunny,0,0,2,36,0,77.18
873,Tuesday,Rainy,0,0,2,27,0,91.89
752,Saturday,Sunny,0,0,4,29,0,85.73
741,Tuesday,Sunny,0,0,5,33,0,85.3
801,Thursday,Sunny,1,0,3,34,0,78.48
929,Saturday,Sunny,0,1,10,35,0,102.73
877,Monday,Sunny,0,0,2,32,1,104.53
830,Sunday,Rainy,0,0,10,21,0,96.85
741,Sunday,Sunny,0,0,1,28,0,79.11
717,Sunday,Sunny,0,0,6,37,0,79.07
942,Sunday,Sunny,0,0,7,33,0,109.85
771,Thursday,Sunny,1,0,8,28,0,95.04
932,Wednesday,Rainy,0,0,2,20,0,98.89
665,Tuesday,Sunny,0,0,6,31,0,76.04
648,Tuesday,Sunny,0,0,8,29,0,89.9
618,Saturday,Sunny,1,1,9,38,0,55.61
684,Tuesday,Sunny,1,1,3,30,0,58.13
735,Wednesday,Cold,0,0,2,11,0,87.69
709,Monday,Rainy,1,0,4,28,0,70.1
853,Monday,Cold,1,0,3,14,0,91.49
740,Sunday,Rainy,0,0,6,28,0,80.64
798,Saturday,Rainy,0,0,3,21,0,77.15
801,Friday,Rainy,0,0,4,26,0,92.58
789,Monday,Cold,0,0,8,11,0,117.75
777,Saturday,Rainy,0,0,9,29,0,94.62
719,Saturday,Sunny,0,0,3,29,0,80.3
691,Monday,Sunny,0,0,6,33,0,84.96
794,Tuesday,Sunny,0,0,1,28,1,94.2
930,Wednesday,Sunny,1,0,7,28,0,99.28
828,Sunday,Sunny,1,1,2,28,0,71.04
668,Tuesday,Sunny,0,1,1,34,0,61.9
880,Thursday,Rainy,0,0,2,22,0,90.43
674,Sunday,Sunny,0,1,10,30,0,68.66
640,Monday,Sunny,0,0,6,29,0,77.92
868,Sunday,Cold,0,0,4,20,0,102.23
855,Saturday,Sunny,0,0,10,34,0,105.59
817,Saturday,Cold,0,0,1,14,0,95.85
632,Thursday,Cold,0,0,1,10,0,72.53
912,Saturday,Rainy,1,0,6,26,0,87.99
706,Saturday,Sunny,1,0,1,29,0,62.56
640,Tuesday,Sunny,1,0,2,31,0,65.73
749,Saturday,Sunny,0,1,5,38,0,68.32
676,Thursday,Sunny,0,0,1,31,0,79.38
803,Wednesday,Sunny,0,0,8,31,0,109.7
687,Wednesday,Cold,0,0,3,11,0,82.56
616,Friday,Sunny,1,0,7,32,0,61.87
938,Saturday,Sunny,0,0,3,30,1,105.07
639,Saturday,Sunny,1,0,5,32,1,74.15
732,Monday,Sunny,0,0,7,34,0,91.7
641,Friday,Sunny,1,0,3,34,0,64.15
658,Saturday,Sunny,0,0,4,37,0,67.19
651,Tuesday,Sunny,0,0,9,35,0,90.08
732,Wednesday,Sunny,0,0,9,38,0,91.4
855,Friday,Sunny,0,0,6,36,1,107.9
638,Sunday,Sunny,0,0,8,30,0,80.8
660,Tuesday,Sunny,0,0,5,36,0,77.35
733,Sunday,Sunny,0,0,5,33,0,88.26
837,Sunday,Rainy,1,0,3,26,0,74.28
861,Saturday,Rainy,1,0,6,21,0,79.95
914,Thursday,Sunny,0,1,7,30,0,94.67
789,Tuesday,Sunny,0,0,6,28,0,89.78
930,Monday,Rainy,0,0,7,28,0,103.2
619,Friday,Rainy,0,0,4,23,0,75.05
695,Thursday,Sunny,0,0,7,28,0,86.43
801,Sunday,Rainy,0,0,1,23,0,81.6
838,Tuesday,Rainy,0,0,4,27,1,109.05
649,Friday,Rainy,0,0,10,21,0,84.76
909,Monday,Sunny,0,0,4,38,0,101.85
865,Tuesday,Sunny,1,0,9,38,0,103.18
752,Saturday,Cold,0,0,5,16,0,90.24
601,Friday,Sunny,0,0,3,29,0,61.9
813,Saturday,Cold,0,0,10,17,0,108.26
645,Monday,Sunny,0,1,4,34,0,67.24
667,Thursday,Rainy,0,0,8,28,0,81.88
764,Wednesday,Sunny,0,0,7,32,0,92.78
816,Tuesday,Sunny,1,1,5,34,0,74.97
899,Friday,Sunny,1,0,1,38,0,84.08
854,Thursday,Rainy,0,0,7,23,0,100.02
709,Thursday,Sunny,0,1,10,34,0,79.84
643,Monday,Sunny,0,0,3,34,0,67.58
795,Tuesday,Sunny,0,0,1,28,0,90.41
782,Thursday,Rainy,1,0,6,26,0,79.51
753,Friday,Sunny,0,1,10,36,0,76.57
930,Tuesday,Sunny,0,0,6,28,0,116.3
689,Tuesday,Cold,1,0,6,19,0,72.55
873,Saturday,Sunny,0,0,4,29,0,99.16
762,Friday,Sunny,0,0,3,36,0,76.77
878,Thursday,Sunny,0,0,4,38,0,103.14
911,Sunday,Cold,0,1,4,16,0,90.44
776,Saturday,Sunny,0,0,4,29,1,100.81
835,Friday,Sunny,0,0,2,33,0,88.35
919,Thursday,Sunny,0,0,9,38,0,113.63
685,Sunday,Sunny,0,1,8,36,0,74.52
873,Monday,Sunny,0,0,9,28,0,115.72
934,Sunday,Sunny,0,0,4,38,1,109.84
775,Wednesday,Sunny,0,0,10,33,0,97.73
868,Friday,Sunny,1,0,4,29,0,97.2
764,Monday,Rainy,0,0,2,29,0,77.94
683,Tuesday,Sunny,0,0,7,28,0,86.53
728,Wednesday,Cold,0,1,9,13,0,87.87
822,Saturday,Sunny,0,1,2,29,0,68.6
770,Friday,Rainy,0,0,7,28,0,92.17
671,Tuesday,Sunny,0,0,4,33,0,84.44
798,Friday,Sunny,0,0,10,31,0,109.91
613,Tuesday,Sunny,0,0,4,36,0,72.05
831,Saturday,Rainy,0,0,6,28,0,89.25
858,Thursday,Sunny,0,0,7,29,0,103.11
794,Friday,Cold,1,1,5,20,1,82.61
837,Sunday,Cold,0,0,3,18,0,94.55
928,Sunday,Sunny,0,0,5,30,0,102.53
648,Wednesday,Cold,0,1,5,13,0,69.92
708,Tuesday,Rainy,0,0,8,25,0,91.48
894,Saturday,Sunny,0,0,3,38,0,94.37
691,Tuesday,Sunny,0,0,4,32,0,78.01
768,Saturday,Sunny,0,0,10,33,0,97.27
742,Wednesday,Cold,0,0,9,17,0,97.59
765,Tuesday,Sunny,0,0,8,35,0,100.56
795,Tuesday,Cold,0,1,7,18,0,84.48
642,Sunday,Rainy,0,0,2,24,0,60.97
682,Thursday,Sunny,0,1,2,31,0,62.78
724,Tuesday,Rainy,1,1,9,30,0,70.59
799,Friday,Sunny,0,1,6,37,0,77.92
705,Thursday,Sunny,0,0,4,38,0,85.58
672,Sunday,Rainy,0,0,8,26,0,79.82
640,Monday,Sunny,0,0,6,37,0,76.82
858,Sunday,Rainy,0,0,9,24,0,107.17
638,Thursday,Rainy,0,1,8,23,0,69.25
664,Monday,Sunny,1,0,7,34,0,75.82
646,Saturday,Sunny,1,1,2,38,0,51.85
788,Monday,Sunny,0,0,9,28,0,106.71
868,Monday,Sunny,0,1,8,34,0,92.51
936,Wednesday,Rainy,0,0,10,22,0,121.34
749,Friday,Rainy,0,1,2,21,0,66.33
705,Sunday,Sunny,0,0,1,35,1,84.22
665,Wednesday,Cold,0,0,8,15,0,89.73
618,Sunday,Sunny,0,0,8,35,0,76.1
626,Saturday,Sunny,0,0,8,30,0,76.54
642,Wednesday,Sunny,0,0,7,34,0,77.95
922,Tuesday,Cold,0,0,3,11,0,110.59
846,Wednesday,Rainy,0,0,3,27,0,91.9
749,Sunday,Sunny,0,0,8,34,0,92.35
947,Friday,Rainy,0,0,9,24,0,121.71
609,Wednesday,Rainy,0,0,1,30,0,60.85
945,Monday,Rainy,0,0,7,20,0,108.09
647,Tuesday,Sunny,0,0,4,36,0,77.15
927,Sunday,Rainy,0,0,2,23,0,87.39
667,Tuesday,Sunny,0,0,3,34,0,76.89
616,Thursday,Sunny,0,0,10,35,0,76.32
898,Friday,Cold,0,0,4,20,0,110.75
629,Thursday,Cold,1,1,3,14,0,57.04
870,Thursday,Rainy,0,1,3,29,1,90.17
764,Thursday,Rainy,0,0,4,22,0,88.79
767,Thursday,Rainy,0,1,4,28,0,69.44
905,Thursday,Sunny,0,0,4,37,0,101.89
712,Wednesday,Sunny,0,0,3,38,0,71.65
663,Tuesday,Sunny,0,0,3,31,0,73.76
899,Thursday,Rainy,0,0,1,29,0,96.77
772,Tuesday,Rainy,0,1,8,22,0,85.37
631,Wednesday,Sunny,0,0,8,28,0,85.97
717,Monday,Sunny,0,0,3,28,0,82.06
627,Sunday,Cold,1,0,5,19,0,67.37
727,Wednesday,Sunny,0,0,6,28,0,90.97
824,Tuesday,Rainy,0,1,5,20,0,75.35
668,Thursday,Rainy,0,1,2,25,0,59.46
714,Saturday,Sunny,0,0,2,30,0,78.67
635,Friday,Cold,0,0,8,13,0,86.93
703,Saturday,Rainy,0,0,2,25,0,66.18
925,Saturday,Sunny,0,0,7,35,1,119.05
636,Thursday,Rainy,0,0,5,27,0,71.84
621,Sunday,Cold,0,0,6,12,0,76.22
605,Wednesday,Sunny,0,0,5,35,0,70.58
618,Sunday,Rainy,0,0,10,26,0,71.21
902,Saturday,Sunny,1,0,10,36,0,96.67
851,Tuesday,Rainy,0,0,8,21,0,111.26
617,Sunday,Sunny,0,0,10,32,0,75.5
669,Saturday,Sunny,1,0,9,36,0,76.08
949,Monday,Cold,0,1,2,14,0,93.91
690,Monday,Sunny,0,0,10,32,0,94.37
761,Wednesday,Sunny,1,0,3,30,1,86.38
639,Monday,Sunny,0,0,7,37,0,76.27
949,Tuesday,Sunny,0,0,4,37,0,106.96
727,Monday,Sunny,0,0,10,32,0,91.83
920,Monday,Sunny,0,0,4,33,0,113.35
862,Tuesday,Cold,0,0,5,12,0,110.04
930,Saturday,Rainy,0,0,10,25,0,114.59
721,Tuesday,Rainy,1,0,2,26,0,68.16
724,Wednesday,Sunny,1,0,6,36,0,77.57
702,Friday,Sunny,0,0,6,36,0,81.6
764,Monday,Sunny,0,0,10,32,0,104.01
881,Sunday,Sunny,0,0,9,37,0,101.77
672,Saturday,Sunny,0,1,7,30,0,69.54
747,Saturday,Rainy,0,0,2,28,0,72.42
744,Friday,Rainy,0,0,10,30,0,88.82
883,Saturday,Sunny,0,0,7,33,0,96.46
775,Tuesday,Sunny,0,0,7,36,0,90.33
602,Saturday,Cold,0,0,6,13,0,74.0
714,Monday,Sunny,0,0,5,37,0,87.06
847,Sunday,Sunny,0,0,10,37,0,100.75
921,Tuesday,Cold,0,0,9,14,1,147.46
784,Monday,Sunny,0,0,6,32,0,93.42
857,Thursday,Sunny,0,0,8,28,0,115.64
737,Monday,Cold,0,0,3,19,0,88.88
936,Wednesday,Cold,0,0,1,10,0,114.57
854,Thursday,Sunny,0,0,9,28,0,115.48
637,Tuesday,Rainy,0,0,2,23,0,69.54
722,Saturday,Sunny,0,0,10,35,0,92.5
857,Wednesday,Sunny,0,0,3,34,0,94.53
876,Tuesday,Cold,0,1,3,13,0,87.04
727,Saturday,Sunny,1,0,10,31,0,85.57
821,Thursday,Cold,0,0,5,14,0,112.43
805,Saturday,Sunny,0,0,1,34,1,88.61
912,Wednesday,Rainy,0,0,6,28,0,102.36
637,Tuesday,Rainy,0,0,9,26,0,77.49
840,Saturday,Rainy,1,0,1,26,1,79.11
745,Thursday,Rainy,0,0,5,23,0,83.72
772,Tuesday,Sunny,1,0,4,29,0,79.26
762,Monday,Rainy,0,0,10,28,0,92.72
758,Monday,Sunny,0,0,8,35,0,102.39
605,Tuesday,Sunny,0,0,4,37,0,65.34
860,Saturday,Sunny,0,0,10,34,0,111.44
677,Friday,Rainy,0,0,3,21,0,75.31
716,Friday,Rainy,0,1,6,21,0,73.24
842,Wednesday,Sunny,1,1,8,35,0,80.35
794,Sunday,Sunny,0,0,7,32,0,92.92
781,Thursday,Sunny,0,0,9,34,0,104.74
688,Monday,Sunny,0,0,8,31,0,87.78
919,Sunday,Sunny,1,0,10,34,0,100.86
863,Thursday,Sunny,0,0,7,28,0,106.81
772,Sunday,Rainy,0,0,6,22,0,85.68
907,Thursday,Sunny,0,1,10,28,0,101.35
734,Saturday,Rainy,1,0,7,24,0,69.74
882,Sunday,Sunny,0,0,2,36,0,92.08
722,Saturday,Rainy,0,1,7,27,0,68.73
878,Friday,Sunny,0,0,6,29,0,106.98
691,Saturday,Sunny,0,0,4,37,0,76.18
946,Monday,Sunny,0,0,7,28,0,108.79
714,Saturday,Sunny,0,0,2,34,1,85.04
722,Monday,Rainy,0,0,3,21,0,73.73
799,Monday,Rainy,1,0,7,22,1,88.69
657,Sunday,Sunny,0,0,7,37,0,73.94
729,Friday,Cold,0,0,1,13,0,90.51
631,Monday,Sunny,0,0,2,30,0,70.01
739,Saturday,Sunny,0,1,3,32,0,70.14
897,Wednesday,Sunny,0,0,9,34,0,117.76
922,Friday,Rainy,0,0,9,27,0,112.1
912,Tuesday,Sunny,1,0,7,28,0,97.11
660,Sunday,Rainy,0,0,7,22,0,74.97
883,Monday,Sunny,0,0,4,35,0,109.2
644,Wednesday,Rainy,1,0,3,25,0,61.54
669,Wednesday,Rainy,0,0,4,27,0,79.9
881,Monday,Rainy,0,0,7,26,0,102.94
624,Wednesday,Sunny,0,0,6,31,0,79.73
786,Monday,Sunny,0,0,3,31,0,87.68
855,Friday,Sunny,0,0,6,38,0,98.15
918,Tuesday,Sunny,0,0,1,32,0,99.25
825,Wednesday,Rainy,0,0,3,21,0,82.31
766,Friday,Sunny,1,0,4,28,0,87.67
609,Tuesday,Rainy,0,1,8,24,0,62.71
714,Saturday,Rainy,0,0,4,29,0,74.8
680,Saturday,Sunny,0,1,2,31,0,59.41
822,Monday,Sunny,0,0,2,32,0,89.02
908,Tuesday,Rainy,1,0,7,20,0,96.89
845,Saturday,Sunny,0,0,5,32,0,97.46
611,Sunday,Sunny,0,1,5,29,0,59.95
826,Friday,Sunny,0,0,9,36,0,106.2
748,Friday,Cold,0,0,7,15,1,101.66
716,Sunday,Cold,1,0,4,12,0,84.57
737,Wednesday,Sunny,0,0,7,35,0,87.59
665,Monday,Sunny,0,0,8,33,0,89.88
783,Friday,Sunny,0,0,1,38,0,85.44
869,Monday,Cold,0,0,4,11,0,118.57
862,Wednesday,Cold,0,0,10,10,0,128.49
893,Sunday,Rainy,0,0,3,24,0,90.0
777,Tuesday,Rainy,0,0,3,27,0,80.53
676,Saturday,Sunny,1,0,3,28,0,59.24
644,Saturday,Sunny,1,1,7,38,0,58.38
883,Monday,Sunny,0,0,8,33,0,114.8
700,Saturday,Sunny,0,0,2,33,0,73.82
812,Sunday,Cold,0,1,7,15,0,77.54
607,Friday,Sunny,0,0,8,35,0,80.34
855,Monday,Sunny,0,0,3,38,0,86.2
828,Wednesday,Rainy,1,0,10,22,0,93.0
866,Friday,Cold,0,0,9,16,1,126.17
909,Tuesday,Sunny,0,1,4,33,0,93.9
699,Friday,Rainy,0,0,7,23,1,86.28
792,Monday,Rainy,0,0,5,24,0,91.96
820,Monday,Rainy,0,0,1,26,0,83.27
921,Monday,Sunny,0,0,2,30,0,106.06
916,Thursday,Sunny,0,1,10,33,0,101.68
730,Wednesday,Rainy,0,0,2,23,1,87.48
787,Tuesday,Sunny,1,0,7,36,0,77.85
808,Friday,Rainy,0,0,8,27,0,100.35
829,Sunday,Rainy,0,0,5,30,0,90.7
904,Thursday,Sunny,1,0,8,34,0,109.67
937,Monday,Sunny,0,0,6,29,0,111.78
810,Wednesday,Sunny,0,0,2,36,0,81.55
934,Monday,Sunny,0,0,8,38,0,118.72
789,Friday,Sunny,0,0,3,28,0,87.04
726,Monday,Cold,0,0,9,13,0,108.16
763,Monday,Sunny,0,1,9,33,0,86.5
765,Monday,Cold,0,0,3,10,0,96.51
931,Sunday,Rainy,0,0,10,25,0,109.4
894,Thursday,Sunny,0,0,6,34,0,107.66
633,Monday,Sunny,0,0,3,29,0,74.28
739,Friday,Sunny,1,0,6,33,0,81.3
781,Tuesday,Rainy,1,0,2,26,0,74.78
768,Monday,Cold,0,0,2,14,1,100.72
623,Sunday,Rainy,0,0,7,24,0,68.55
725,Tuesday,Rainy,1,0,6,26,0,73.93
669,Saturday,Sunny,0,0,6,32,0,81.03
666,Thursday,Sunny,0,0,7,35,0,79.8
616,Wednesday,Sunny,0,0,2,38,0,69.43
623,Monday,Sunny,0,1,5,30,0,63.88
835,Sunday,Sunny,0,0,8,33,0,103.48
685,Wednesday,Cold,0,0,1,10,0,82.55
928,Friday,Rainy,0,0,8,29,0,115.8
698,Wednesday,Sunny,0,0,8,37,0,84.3
655,Monday,Sunny,0,0,9,31,0,85.13
707,Tuesday,Sunny,0,0,8,36,0,89.6
936,Friday,Cold,0,0,1,13,0,111.51
689,Monday,Rainy,0,1,9,29,0,68.52
822,Friday,Sunny,0,0,3,30,0,90.48
660,Tuesday,Sunny,0,0,1,30,0,76.37
777,Saturday,Sunny,1,1,10,32,1,83.8
656,Thursday,Sunny,1,1,8,37,0,65.67
647,Tuesday,Sunny,1,0,2,30,0,66.2
863,Wednesday,Sunny,0,0,2,34,0,98.7
711,Monday,Sunny,0,0,4,30,0,87.21
895,Saturday,Cold,0,0,7,11,0,107.45
771,Wednesday,Sunny,0,1,4,29,0,75.92
682,Wednesday,Sunny,0,1,2,38,1,64.76
713,Saturday,Sunny,0,0,5,35,0,78.83
689,Thursday,Sunny,0,0,4,28,0,83.02
703,Monday,Sunny,1,0,6,37,0,75.14
920,Wednesday,Sunny,0,0,5,31,0,105.67
947,Sunday,Sunny,0,0,6,29,0,107.38
902,Monday,Sunny,0,0,4,31,0,104.39
815,Sunday,Rainy,1,0,1,28,0,69.55
826,Saturday,Sunny,0,0,2,34,0,87.36
674,Tuesday,Rainy,0,0,3,23,0,73.41
711,Wednesday,Sunny,0,1,6,31,0,76.57
894,Monday,Rainy,1,1,5,20,0,82.37
793,Saturday,Sunny,0,0,4,28,0,90.93
671,Tuesday,Sunny,0,0,8,37,0,88.33
749,Tuesday,Sunny,0,1,2,35,0,75.22
705,Wednesday,Sunny,0,0,8,32,0,95.9
784,Monday,Rainy,0,0,9,25,0,97.02
601,Thursday,Sunny,0,0,3,36,0,63.05
704,Sunday,Cold,0,0,10,16,0,91.85
851,Sunday,Sunny,0,0,10,28,0,107.74
853,Saturday,Cold,1,0,4,16,0,95.22
774,Monday,Rainy,0,1,7,30,0,79.12
707,Wednesday,Sunny,0,1,3,30,1,68.48
610,Thursday,Cold,0,0,5,15,0,72.08
901,Friday,Cold,0,0,10,12,1,138.65
905,Monday,Sunny,0,0,2,32,1,106.03
606,Sunday,Sunny,0,0,6,37,0,65.89
646,Thursday,Rainy,0,0,6,23,0,73.8
611,Monday,Rainy,1,0,8,20,0,67.52
910,Saturday,Sunny,0,0,9,32,0,113.29
786,Saturday,Rainy,0,0,8,30,0,94.94
662,Friday,Sunny,0,0,10,33,0,87.87
713,Tuesday,Rainy,0,0,4,27,0,82.09
890,Saturday,Rainy,1,0,3,29,0,83.53
939,Monday,Rainy,0,0,7,26,0,104.27
813,Monday,Sunny,0,0,3,36,0,90.57
789,Tuesday,Rainy,0,1,10,29,0,83.68
820,Friday,Sunny,1,0,9,29,0,98.74
883,Thursday,Sunny,0,0,4,35,0,108.05
893,Tuesday,Sunny,1,0,4,34,0,100.43
661,Wednesday,Sunny,0,1,1,34,0,66.0
676,Saturday,Cold,0,0,3,16,0,70.81
674,Monday,Sunny,0,0,1,33,0,75.17
676,Thursday,Sunny,1,1,3,29,0,54.72
633,Tuesday,Cold,0,0,5,12,0,82.45
612,Sunday,Cold,0,0,3,19,0,67.05
929,Friday,Sunny,0,0,7,35,0,112.11
722,Sunday,Sunny,1,0,7,29,0,72.65
857,Wednesday,Sunny,0,0,2,31,0,90.93
724,Monday,Rainy,0,0,7,21,0,85.65
939,Thursday,Sunny,0,0,6,31,0,115.71
673,Friday,Sunny,0,0,3,32,0,72.55
787,Thursday,Sunny,0,1,4,36,0,80.91
734,Friday,Sunny,1,0,10,33,0,84.1
734,Thursday,Rainy,0,0,10,27,0,91.85
882,Thursday,Sunny,0,0,4,33,0,103.23
645,Thursday,Cold,0,0,6,11,0,81.52
711,Friday,Sunny,0,0,10,31,0,98.1
609,Friday,Cold,0,0,5,11,0,75.87
879,Friday,Sunny,0,0,6,33,0,108.84
860,Wednesday,Sunny,1,0,8,37,0,98.96
692,Saturday,Sunny,0,0,3,29,0,72.54
744,Sunday,Cold,0,1,4,12,0,75.92
622,Thursday,Sunny,1,0,7,34,0,69.09
913,Thursday,Cold,0,0,8,15,0,120.43
673,Sunday,Rainy,1,0,7,26,0,69.08
931,Saturday,Cold,0,0,9,14,0,123.03
700,Tuesday,Cold,0,0,2,19,0,78.08
691,Tuesday,Sunny,0,0,6,33,0,78.75
613,Monday,Sunny,0,0,3,31,0,64.13
727,Monday,Sunny,0,0,8,35,0,93.44
720,Friday,Sunny,0,0,1,32,0,78.84
888,Sunday,Sunny,1,0,4,36,0,88.32
843,Saturday,Sunny,0,0,5,35,0,98.2
768,Tuesday,Cold,0,0,2,12,0,89.3
943,Friday,Rainy,0,0,1,29,0,99.21
794,Friday,Rainy,0,0,10,25,0,99.76
823,Friday,Rainy,0,1,4,25,0,79.42
891,Sunday,Cold,0,0,10,18,0,117.98
774,Sunday,Sunny,0,0,10,36,0,95.0
767,Wednesday,Sunny,0,1,2,29,0,69.12
903,Friday,Sunny,0,0,9,36,0,110.99
916,Tuesday,Rainy,1,0,4,29,0,93.48
949,Tuesday,Rainy,0,0,6,24,0,104.57
946,Wednesday,Sunny,0,0,1,31,1,110.18
731,Sunday,Sunny,0,0,9,33,0,91.48
802,Sunday,Cold,0,0,5,13,0,100.42
762,Wednesday,Sunny,0,0,9,32,0,104.54
767,Monday,Rainy,0,0,5,24,0,85.12
691,Thursday,Sunny,1,0,5,33,0,74.36
826,Sunday,Cold,0,0,4,13,0,98.61
665,Saturday,Cold,0,0,9,18,0,81.8
736,Monday,Sunny,0,1,9,38,0,76.51
600,Thursday,Sunny,0,1,10,29,0,63.11
772,Monday,Rainy,0,0,10,28,0,92.8
697,Monday,Sunny,0,0,2,29,0,74.12
706,Wednesday,Rainy,1,0,3,23,0,65.82
865,Tuesday,Cold,0,0,3,11,0,108.73
845,Friday,Sunny,0,0,3,38,0,85.56
873,Wednesday,Cold,0,0,1,18,0,100.14
614,Monday,Sunny,0,0,2,28,0,67.42
688,Sunday,Rainy,0,0,3,24,0,64.26
676,Wednesday,Rainy,0,0,9,27,0,84.76
865,Saturday,Sunny,0,0,4,35,1,107.6
699,Monday,Rainy,1,0,3,21,0,65.22
667,Monday,Sunny,0,1,3,28,0,60.19
809,Tuesday,Sunny,1,0,2,32,0,78.24
913,Tuesday,Cold,0,0,4,11,0,118.24
731,Tuesday,Cold,0,0,1,18,0,82.71
945,Monday,Rainy,0,0,4,28,0,104.17
848,Saturday,Rainy,0,0,3,27,0,81.71
642,Monday,Sunny,1,0,2,34,0,61.22
669,Wednesday,Rainy,0,0,6,21,1,85.02
894,Thursday,Sunny,0,0,2,32,0,102.64
733,Wednesday,Rainy,0,0,7,25,0,81.99
845,Thursday,Sunny,0,1,5,34,1,98.19
709,Friday,Sunny,0,0,7,30,0,81.31
800,Wednesday,Rainy,0,0,8,28,1,110.86
824,Thursday,Sunny,0,0,3,33,0,93.4
800,Monday,Cold,1,0,9,18,0,103.68
900,Tuesday,Cold,0,0,10,17,0,121.78
889,Wednesday,Cold,1,0,9,12,0,115.94
763,Friday,Cold,0,0,4,19,0,90.46
602,Tuesday,Rainy,1,1,3,26,0,44.7
607,Monday,Rainy,1,1,5,22,0,51.28
750,Saturday,Cold,0,0,3,18,0,79.6
943,Monday,Cold,0,0,2,13,0,113.0
778,Saturday,Cold,1,1,3,20,0,62.77
930,Tuesday,Sunny,0,0,1,31,0,101.68
677,Saturday,Sunny,0,0,9,35,0,83.76
768,Tuesday,Sunny,0,0,10,28,0,98.32
609,Friday,Rainy,0,0,6,20,0,71.79
717,Friday,Rainy,0,0,6,20,0,80.51
904,Friday,Sunny,0,0,10,30,0,117.24
649,Thursday,Sunny,1,0,7,29,0,66.8
763,Saturday,Sunny,0,0,9,36,0,91.72
945,Saturday,Sunny,0,0,6,35,0,106.87
618,Friday,Sunny,0,0,8,30,0,84.17
778,Tuesday,Sunny,0,0,7,37,0,85.31
620,Friday,Sunny,0,0,3,36,0,65.23
732,Saturday,Sunny,0,0,4,35,0,80.65
643,Thursday,Sunny,0,1,1,37,0,58.94
783,Friday,Rainy,0,0,8,26,0,99.17
865,Friday,Sunny,0,0,6,33,0,106.87
609,Thursday,Sunny,1,0,1,33,0,61.93
675,Thursday,Sunny,0,0,3,33,0,71.62
664,Sunday,Cold,0,0,1,16,0,73.11
720,Tuesday,Sunny,0,0,4,35,0,87.38
875,Sunday,Sunny,0,0,6,35,1,112.45
934,Thursday,Rainy,0,0,9,20,0,121.48
660,Friday,Cold,1,0,1,14,0,75.83
874,Wednesday,Sunny,0,0,9,36,1,120.33
710,Thursday,Rainy,0,0,3,26,1,77.54
619,Wednesday,Sunny,0,0,1,31,0,67.24
704,Wednesday,Sunny,0,0,2,32,0,74.64
905,Wednesday,Rainy,0,1,7,28,0,89.91
920,Friday,Rainy,0,0,6,23,0,106.23
888,Saturday,Sunny,0,0,9,35,0,107.49
763,Saturday,Sunny,0,0,7,31,0,83.93
717,Tuesday,Rainy,1,0,10,21,0,81.43
929,Thursday,Rainy,1,0,8,20,0,104.58
796,Tuesday,Rainy,0,0,10,25,0,99.25
798,Monday,Sunny,0,0,1,30,0,90.05
920,Sunday,Cold,0,0,6,19,0,112.12
890,Wednesday,Sunny,0,0,3,32,0,101.48
632,Wednesday,Sunny,1,1,7,29,1,65.55
919,Sunday,Sunny,0,1,7,35,0,92.34
780,Saturday,Sunny,0,0,10,32,0,97.8
741,Friday,Rainy,0,0,3,24,0,76.67
769,Wednesday,Sunny,0,0,2,29,0,80.28
837,Tuesday,Sunny,1,0,6,28,0,90.27
645,Saturday,Rainy,1,1,6,29,0,50.14
698,Friday,Cold,1,0,2,13,0,75.78
941,Wednesday,Sunny,0,0,6,37,0,107.54
873,Sunday,Sunny,0,1,8,34,0,95.69
749,Sunday,Rainy,0,1,3,29,0,60.69
622,Wednesday,Sunny,0,0,7,34,0,72.12
661,Friday,Cold,0,0,1,13,0,80.43
895,Friday,Cold,0,0,8,16,0,127.26
806,Tuesday,Cold,1,0,2,17,0,83.53
605,Saturday,Sunny,0,1,3,34,0,55.46
722,Monday,Rainy,0,0,5,27,0,80.98
632,Tuesday,Sunny,1,0,2,31,0,61.0
868,Thursday,Sunny,0,0,2,28,0,99.03
896,Friday,Sunny,0,0,7,33,0,107.7
820,Friday,Sunny,0,0,1,33,0,90.7
703,Monday,Sunny,0,0,7,34,0,83.85
617,Sunday,Sunny,1,0,8,35,0,69.7
609,Thursday,Sunny,0,0,3,32,0,66.18
655,Friday,Sunny,0,0,7,33,0,79.66
707,Tuesday,Cold,1,0,1,11,0,72.05
605,Friday,Rainy,0,1,1,29,0,56.4
921,Friday,Sunny,1,0,1,30,0,86.85
769,Saturday,Cold,1,0,10,18,0,87.54
647,Friday,Sunny,0,0,7,37,1,79.25
751,Thursday,Sunny,0,0,5,29,0,87.24
659,Friday,Sunny,0,0,3,33,0,69.2
846,Thursday,Sunny,0,0,4,36,0,94.03
912,Monday,Rainy,1,0,2,23,1,94.92
850,Sunday,Cold,0,0,10,17,0,114.53
714,Tuesday,Sunny,1,0,7,36,0,76.49
894,Monday,Sunny,0,0,7,34,0,104.85
811,Thursday,Sunny,0,0,6,34,0,97.66
648,Saturday,Sunny,1,1,10,30,0,64.63
876,Wednesday,Sunny,1,0,10,37,0,100.64
880,Sunday,Sunny,0,0,7,31,0,98.61
887,Tuesday,Sunny,1,0,1,29,0,90.07
886,Sunday,Sunny,0,0,5,31,0,99.63
756,Sunday,Sunny,0,0,5,32,0,90.4
840,Wednesday,Rainy,1,1,2,22,0,66.15
680,Saturday,Sunny,0,0,6,32,0,72.73
717,Wednesday,Sunny,0,0,1,35,1,91.38
934,Wednesday,Rainy,0,0,9,30,0,112.85
713,Thursday,Cold,0,0,6,10,0,94.06
788,Monday,Sunny,0,0,10,36,1,114.18
666,Wednesday,Sunny,0,1,3,32,0,60.29
612,Sunday,Cold,0,0,9,15,0,76.18
662,Sunday,Cold,0,1,10,20,0,75.64
765,Thursday,Sunny,1,0,7,37,0,78.86
874,Tuesday,Cold,0,1,2,17,0,88.14
896,Wednesday,Rainy,0,1,3,26,0,81.86
744,Sunday,Rainy,1,0,1,22,0,69.98
908,Thursday,Sunny,0,0,3,29,0,101.1
762,Monday,Sunny,0,0,9,29,0,99.94
616,Thursday,Rainy,0,0,6,22,0,69.06
922,Saturday,Sunny,0,1,4,33,0,89.86
718,Sunday,Sunny,1,0,1,38,0,62.57
798,Friday,Rainy,0,0,1,20,0,80.02
943,Friday,Cold,1,0,4,15,0,106.68
948,Wednesday,Sunny,0,0,4,38,1,118.55
727,Monday,Sunny,1,0,9,28,0,85.15
610,Monday,Sunny,1,0,9,30,0,70.99
620,Tuesday,Sunny,0,0,8,30,0,77.24
903,Tuesday,Sunny,0,0,6,28,1,116.65
806,Sunday,Sunny,0,0,8,33,0,96.25
932,Sunday,Sunny,0,0,9,29,0,117.28
819,Saturday,Sunny,0,0,8,30,0,106.75
780,Thursday,Sunny,0,0,5,33,0,93.14
793,Tuesday,Sunny,0,1,6,35,0,82.27
663,Sunday,Rainy,0,0,9,26,0,78.22
675,Sunday,Sunny,0,0,9,33,0,81.44
705,Wednesday,Rainy,0,0,2,24,0,73.22
900,Tuesday,Sunny,1,0,9,29,0,109.3
856,Wednesday,Sunny,0,0,9,30,0,117.63
811,Monday,Sunny,0,0,3,33,0,91.91
805,Tuesday,Cold,0,1,4,13,0,89.07
606,Thursday,Sunny,0,0,5,30,0,74.8
722,Sunday,Sunny,0,0,2,29,0,78.41
711,Thursday,Rainy,0,0,9,20,0,86.48
653,Friday,Sunny,1,0,10,30,0,80.72
644,Saturday,Rainy,0,0,2,23,0,61.92
784,Wednesday,Sunny,0,0,2,31,0,82.83
812,Friday,Sunny,0,1,6,32,1,89.54
715,Monday,Sunny,0,0,10,36,0,94.44
849,Tuesday,Sunny,0,0,1,35,0,94.74
754,Thursday,Rainy,0,0,1,20,0,77.52
743,Wednesday,Cold,0,0,3,11,0,84.81
632,Wednesday,Sunny,0,0,6,38,0,77.18
620,Sunday,Sunny,0,0,8,30,0,75.68
808,Friday,Sunny,0,0,9,32,0,105.95
805,Saturday,Cold,0,0,4,20,0,94.73
861,Saturday,Cold,0,0,1,20,0,96.87
731,Tuesday,Sunny,1,0,7,30,0,76.91
640,Saturday,Sunny,0,1,3,35,0,59.34
675,Monday,Sunny,0,0,2,37,0,72.32
880,Saturday,Sunny,0,0,8,32,0,110.03
835,Sunday,Cold,0,0,10,15,0,110.1
922,Friday,Rainy,1,0,2,30,0,90.24
738,Monday,Sunny,1,0,8,38,0,80.59
700,Friday,Rainy,0,0,10,23,0,90.76
793,Monday,Rainy,0,0,5,24,0,95.2
845,Saturday,Sunny,0,0,2,29,0,91.79
946,Friday,Cold,0,0,7,20,0,114.3
913,Sunday,Rainy,0,1,1,20,0,80.44
925,Tuesday,Rainy,0,0,6,26,0,102.48
838,Monday,Sunny,1,0,3,30,0,79.58
910,Tuesday,Rainy,0,0,2,26,0,94.74
686,Monday,Rainy,0,0,2,28,0,76.12
653,Monday,Sunny,0,0,1,29,0,70.38
691,Thursday,Sunny,0,0,6,35,0,78.8
760,Wednesday,Sunny,0,0,2,29,0,85.09
718,Monday,Rainy,0,0,4,23,0,77.16
807,Monday,Rainy,0,0,10,29,0,103.95
808,Monday,Sunny,1,0,10,28,0,98.68
786,Sunday,Cold,1,0,5,12,0,83.62
671,Monday,Sunny,0,0,5,33,0,80.78
899,Sunday,Sunny,0,0,10,36,0,103.67
871,Friday,Rainy,1,0,6,28,0,92.33
632,Saturday,Sunny,0,0,4,32,0,68.48
730,Saturday,Sunny,0,0,4,35,0,87.35
905,Sunday,Rainy,1,0,1,30,0,79.87
783,Friday,Sunny,0,0,1,30,0,87.0
712,Wednesday,Cold,0,0,10,17,0,95.09
621,Tuesday,Rainy,0,0,1,23,0,65.57
640,Saturday,Rainy,0,0,6,24,0,69.49
930,Friday,Rainy,0,0,10,20,0,117.6
656,Friday,Cold,0,0,1,16,0,73.43
795,Tuesday,Cold,0,0,9,14,0,117.83
712,Sunday,Sunny,0,0,8,34,0,84.44
871,Sunday,Sunny,0,0,7,28,0,97.14
829,Wednesday,Sunny,0,0,4,29,0,104.06
871,Friday,Rainy,0,0,1,21,0,94.0
891,Tuesday,Sunny,0,1,4,35,0,88.83
644,Wednesday,Sunny,0,1,1,32,1,69.28
939,Sunday,Sunny,0,1,7,32,0,94.71
667,Tuesday,Rainy,0,0,8,25,0,84.31
704,Monday,Rainy,0,0,9,27,1,101.46
648,Thursday,Sunny,1,0,1,28,0,60.01
929,Friday,Sunny,1,0,5,28,0,100.58
817,Friday,Sunny,0,0,2,35,0,92.15
611,Tuesday,Rainy,0,0,2,25,0,62.06
908,Thursday,Cold,0,0,9,10,0,132.7
946,Friday,Sunny,0,1,5,32,0,100.62
843,Thursday,Sunny,0,0,6,34,0,97.29
780,Wednesday,Sunny,0,0,9,36,0,94.54
899,Thursday,Cold,0,0,2,19,0,101.72
783,Sunday,Sunny,0,0,9,28,0,95.35
717,Thursday,Rainy,1,0,8,28,0,83.56
645,Saturday,Sunny,0,1,3,31,0,56.86
922,Friday,Sunny,0,1,5,30,0,91.95
714,Thursday,Sunny,0,0,4,28,1,98.33
696,Monday,Sunny,0,0,8,32,0,88.43
620,Saturday,Rainy,1,0,6,24,0,64.53
921,Thursday,Sunny,0,0,7,28,0,107.39
714,Sunday,Sunny,0,0,5,32,0,76.86
826,Sunday,Sunny,0,0,9,31,0,104.1
680,Friday,Sunny,0,0,9,38,0,90.05
806,Sunday,Cold,0,0,7,16,0,94.08
936,Sunday,Rainy,0,0,5,23,0,100.96
835,Tuesday,Sunny,0,0,2,28,0,96.2
708,Saturday,Rainy,0,1,6,28,0,63.04
813,Wednesday,Cold,0,0,1,18,0,95.78
724,Sunday,Rainy,0,0,6,20,0,73.57
752,Monday,Rainy,0,0,4,28,0,87.99
799,Tuesday,Sunny,0,1,7,33,0,85.57
852,Thursday,Rainy,0,0,1,27,0,87.66
623,Thursday,Rainy,1,0,5,25,0,61.42
805,Thursday,Sunny,1,0,6,37,0,84.14
809,Friday,Sunny,0,0,2,37,0,88.76
606,Monday,Cold,0,0,7,18,0,74.31
801,Tuesday,Sunny,1,0,9,29,0,90.91
825,Saturday,Sunny,0,0,1,37,0,85.24
727,Sunday,Rainy,0,0,2,20,0,77.08
712,Wednesday,Cold,0,0,9,11,0,103.76
907,Wednesday,Rainy,0,0,8,21,0,116.49
634,Tuesday,Rainy,0,0,5,27,0,69.01
938,Wednesday,Rainy,0,0,6,21,0,104.0
720,Thursday,Rainy,0,0,2,20,0,74.64
859,Saturday,Sunny,1,0,10,36,0,95.83
696,Wednesday,Sunny,1,0,5,38,0,72.86
907,Sunday,Sunny,0,0,5,37,1,105.69
608,Monday,Sunny,1,0,3,36,0,57.93
654,Saturday,Sunny,0,0,1,36,0,62.95
692,Sunday,Sunny,0,1,7,32,0,62.96
608,Tuesday,Sunny,0,0,8,29,0,77.68
644,Tuesday,Sunny,0,0,1,30,0,73.45
688,Thursday,Sunny,0,0,6,28,1,86.9
934,Thursday,Sunny,0,1,10,34,0,106.32
912,Friday,Sunny,0,0,10,28,0,120.74
796,Friday,Sunny,0,1,4,35,1,85.46
622,Monday,Cold,0,0,6,11,0,83.93
852,Sunday,Sunny,0,0,3,28,0,85.7
630,Monday,Cold,0,0,6,19,0,77.16
779,Friday,Sunny,1,0,5,31,0,79.47
886,Friday,Sunny,0,0,8,31,0,116.46
764,Saturday,Sunny,0,0,1,31,0,75.9
871,Sunday,Rainy,0,0,4,23,0,97.27
898,Friday,Cold,0,0,8,10,0,125.1
672,Tuesday,Sunny,0,1,4,34,0,65.6
894,Sunday,Rainy,1,0,8,24,0,100.7
815,Thursday,Sunny,0,0,10,36,0,99.95
682,Thursday,Sunny,0,0,8,36,0,81.91
703,Tuesday,Sunny,1,0,6,37,1,83.12
737,Monday,Sunny,0,0,8,35,0,100.56
705,Sunday,Rainy,0,0,6,27,0,76.34
882,Sunday,Sunny,0,1,4,30,0,86.1
799,Tuesday,Sunny,0,0,2,37,0,84.37
750,Sunday,Rainy,0,0,6,21,0,78.97
763,Saturday,Cold,0,0,1,10,1,91.57
720,Tuesday,Sunny,0,0,1,32,0,82.13
879,Saturday,Rainy,0,0,1,20,1,91.49
747,Friday,Rainy,1,0,2,22,0,74.38
940,Friday,Rainy,0,0,10,25,0,113.94
690,Wednesday,Rainy,1,0,1,28,0,65.86
724,Sunday,Sunny,0,0,9,37,1,99.86
921,Sunday,Cold,0,0,3,17,0,95.57
677,Saturday,Sunny,0,1,6,36,0,60.33
756,Tuesday,Rainy,0,1,7,30,0,74.55
759,Saturday,Cold,0,0,2,14,0,88.26
602,Friday,Sunny,0,0,6,34,0,72.16
910,Saturday,Rainy,0,0,6,27,0,94.85
817,Thursday,Sunny,0,0,10,35,0,103.64
612,Wednesday,Cold,0,0,10,16,0,79.35
617,Thursday,Rainy,0,0,5,20,0,67.82
822,Monday,Rainy,0,0,6,30,0,93.09
759,Friday,Sunny,0,0,5,30,0,88.9
643,Tuesday,Cold,1,0,6,13,0,78.43
693,Tuesday,Rainy,0,0,3,29,0,68.25
757,Monday,Rainy,0,0,4,28,0,89.24
688,Wednesday,Cold,0,0,4,10,0,90.32
851,Tuesday,Sunny,0,0,4,31,0,101.98
729,Thursday,Sunny,0,0,4,36,1,93.08
806,Saturday,Sunny,1,0,10,28,0,86.98
681,Wednesday,Sunny,0,0,4,29,0,80.52
914,Wednesday,Sunny,0,0,7,30,0,104.74
939,Thursday,Sunny,0,0,4,30,0,114.24
601,Wednesday,Cold,0,0,9,17,0,81.12
736,Saturday,Rainy,0,0,5,20,0,77.88
874,Tuesday,Cold,0,0,9,17,0,123.5
879,Saturday,Sunny,0,0,8,32,0,109.96
863,Friday,Sunny,0,0,3,34,0,91.39
763,Monday,Cold,1,0,9,20,0,92.96
733,Saturday,Sunny,0,0,9,32,0,94.24
790,Sunday,Cold,0,0,1,17,0,83.54
666,Tuesday,Sunny,0,0,1,37,0,68.95
683,Wednesday,Cold,0,0,7,17,0,89.71
730,Thursday,Sunny,1,0,1,37,0,69.88
610,Wednesday,Sunny,0,0,1,28,0,66.6
752,Friday,Cold,0,0,7,12,0,98.63
725,Tuesday,Cold,1,0,2,17,0,77.88
941,Sunday,Sunny,1,0,7,31,0,92.45
710,Tuesday,Sunny,0,0,7,38,0,77.69
726,Sunday,Rainy,1,0,5,28,0,70.07
869,Sunday,Cold,0,0,10,16,0,114.76
601,Thursday,Sunny,0,0,10,35,0,75.86
861,Sunday,Sunny,0,1,3,32,0,73.27
904,Wednesday,Cold,0,1,4,16,0,97.71
603,Friday,Rainy,0,1,5,23,1,65.4
707,Monday,Rainy,0,0,10,22,0,89.75
608,Thursday,Sunny,0,0,4,34,0,75.86
824,Saturday,Sunny,0,1,2,31,0,70.35
938,Friday,Rainy,0,0,5,30,0,105.73
614,Saturday,Cold,0,0,9,14,0,87.07
870,Friday,Rainy,0,0,1,25,0,89.88
663,Wednesday,Rainy,0,0,6,20,0,74.92
898,Sunday,Rainy,1,0,5,26,0,84.17
722,Monday,Sunny,0,1,1,28,0,64.93
762,Saturday,Sunny,0,0,3,33,0,79.18
898,Thursday,Cold,0,0,3,13,1,123.9
660,Tuesday,Rainy,0,1,4,21,0,60.61
715,Tuesday,Rainy,0,0,2,25,0,73.83
602,Saturday,Sunny,0,0,9,37,0,70.86
613,Saturday,Sunny,0,0,3,37,0,66.19
790,Wednesday,Sunny,0,0,6,31,0,91.48
934,Sunday,Rainy,0,0,10,24,0,107.68
770,Friday,Sunny,0,0,8,28,0,103.55
803,Wednesday,Cold,1,0,3,11,1,100.64
741,Thursday,Sunny,0,0,10,34,0,100.6
692,Sunday,Sunny,0,0,4,32,0,74.53
697,Saturday,Sunny,0,0,7,31,0,81.96
643,Monday,Sunny,0,0,8,28,0,82.05
656,Friday,Rainy,0,0,5,26,0,77.76
619,Wednesday,Cold,1,0,9,14,0,75.36
869,Thursday,Sunny,0,0,4,32,0,101.83
766,Thursday,Rainy,0,0,3,23,0,84.75
772,Thursday,Rainy,0,0,3,20,0,77.05
926,Thursday,Sunny,0,0,10,30,0,118.84
950,Wednesday,Cold,1,1,1,17,0,84.66
769,Thursday,Rainy,0,0,3,20,0,83.16
834,Monday,Cold,0,0,6,15,0,106.33
851,Sunday,Sunny,0,0,7,32,0,101.74
650,Tuesday,Sunny,0,0,9,35,1,92.27
796,Monday,Sunny,0,0,2,35,0,90.05
833,Wednesday,Sunny,0,0,5,32,0,96.21
647,Wednesday,Sunny,0,0,1,28,0,69.26
833,Saturday,Cold,0,0,4,20,0,94.48
824,Wednesday,Sunny,0,0,4,36,0,90.49
940,Saturday,Cold,0,0,7,20,0,107.23
731,Wednesday,Cold,0,0,4,10,0,94.53
823,Tuesday,Cold,0,0,4,10,0,112.21
665,Thursday,Sunny,1,0,4,28,0,71.42
692,Friday,Rainy,0,0,4,27,0,75.72
821,Wednesday,Sunny,0,0,10,36,0,99.78
747,Thursday,Rainy,0,0,7,20,0,86.88
928,Wednesday,Sunny,0,0,8,28,0,126.59
885,Friday,Cold,1,0,7,18,0,96.68
753,Tuesday,Rainy,0,0,1,20,0,76.36
657,Saturday,Sunny,0,0,3,33,0,73.39
609,Monday,Sunny,0,0,3,36,0,68.37
891,Sunday,Cold,0,0,2,15,0,96.7
849,Wednesday,Sunny,1,1,6,29,0,77.12
633,Wednesday,Sunny,0,0,8,36,0,80.83
744,Tuesday,Cold,0,0,6,12,0,99.97
607,Sunday,Rainy,1,0,2,30,0,52.7
924,Monday,Rainy,0,0,7,23,0,106.72
916,Wednesday,Sunny,0,1,5,33,0,91.45
851,Sunday,Cold,0,0,10,19,0,107.35
890,Sunday,Rainy,0,0,4,27,0,94.73
615,Wednesday,Rainy,0,0,7,24,0,73.77
814,Wednesday,Rainy,0,0,1,28,0,86.95
646,Saturday,Sunny,1,0,2,28,1,70.34
906,Tuesday,Cold,0,0,2,18,0,108.32
816,Friday,Sunny,0,0,10,32,0,111.89
794,Saturday,Cold,1,0,4,10,0,88.17
645,Sunday,Sunny,1,0,4,33,0,63.14
672,Tuesday,Sunny,0,0,6,30,0,79.59
887,Friday,Rainy,0,0,2,20,0,92.53
767,Thursday,Sunny,0,1,7,29,0,80.67
654,Sunday,Rainy,1,0,4,24,0,67.16
734,Wednesday,Sunny,0,0,7,33,0,89.17
604,Friday,Rainy,0,0,4,24,0,65.12
771,Tuesday,Sunny,1,1,2,32,0,68.48
713,Friday,Sunny,0,0,8,34,0,91.22
851,Saturday,Rainy,0,1,5,28,0,77.6
872,Monday,Sunny,0,0,7,37,0,100.26
732,Monday,Cold,0,1,8,12,0,88.75
863,Thursday,Sunny,0,0,6,28,0,102.9
826,Thursday,Sunny,0,0,4,37,0,90.65
713,Wednesday,Sunny,0,0,10,36,1,99.12
795,Monday,Rainy,0,0,8,26,0,101.19
662,Saturday,Rainy,0,0,8,24,0,79.96
944,Thursday,Rainy,0,1,6,26,0,88.85
674,Thursday,Rainy,0,0,10,23,0,87.23
686,Saturday,Rainy,0,1,8,23,0,67.6
718,Sunday,Sunny,0,0,3,34,0,72.43
712,Monday,Cold,0,1,8,20,0,82.64
794,Tuesday,Cold,0,0,4,17,0,98.26
704,Sunday,Sunny,0,1,2,30,0,62.0
697,Thursday,Cold,0,0,4,12,0,86.7
923,Sunday,Cold,0,0,6,16,0,110.47
838,Saturday,Sunny,1,0,2,29,0,83.16
698,Friday,Rainy,0,0,10,24,0,87.32
863,Friday,Cold,1,0,3,18,0,86.46
650,Sunday,Rainy,0,0,2,28,1,71.14
826,Monday,Sunny,1,0,9,34,0,100.79
756,Saturday,Rainy,0,0,8,21,0,88.93
656,Thursday,Rainy,1,0,4,28,0,66.63
629,Friday,Cold,0,0,8,10,0,88.19
668,Sunday,Sunny,0,0,1,31,1,77.78
913,Thursday,Sunny,0,0,4,35,0,112.0
903,Friday,Sunny,0,0,4,32,1,118.41
672,Saturday,Sunny,1,0,9,35,0,75.83
801,Sunday,Sunny,0,0,7,28,0,86.39
862,Monday,Rainy,1,0,3,20,0,81.68
601,Monday,Sunny,0,0,2,28,0,62.18
681,Friday,Sunny,0,0,1,31,0,74.73
696,Friday,Rainy,0,0,3,28,0,68.23
931,Monday,Sunny,0,0,9,32,0,118.31
820,Thursday,Sunny,1,0,2,36,0,78.48
659,Wednesday,Rainy,0,0,2,26,0,64.68
848,Thursday,Rainy,1,0,6,29,0,88.73
682,Sunday,Cold,1,0,6,10,0,75.04
694,Wednesday,Sunny,0,0,6,36,1,84.18
810,Monday,Sunny,1,0,4,33,0,86.53
740,Wednesday,Sunny,1,1,2,37,0,58.52
937,Monday,Sunny,0,0,3,33,1,118.06
656,Friday,Sunny,1,0,6,33,0,66.55
881,Tuesday,Sunny,0,0,3,36,0,94.82
709,Wednesday,Cold,0,0,5,11,1,99.5
624,Tuesday,Cold,0,0,1,12,0,73.15
913,Monday,Sunny,0,0,3,37,0,96.59
761,Thursday,Rainy,0,0,7,23,0,89.73
713,Tuesday,Sunny,0,0,3,29,0,82.33
741,Sunday,Sunny,0,0,2,34,0,79.58
623,Sunday,Sunny,0,1,10,31,0,63.86
601,Sunday,Cold,0,0,8,11,0,79.91
884,Tuesday,Sunny,0,0,2,32,0,101.16
602,Sunday,Sunny,0,1,9,28,0,62.54
931,Thursday,Sunny,0,0,7,31,0,115.72
648,Saturday,Sunny,0,0,4,38,0,67.31
688,Wednesday,Sunny,0,1,9,30,0,75.25
811,Wednesday,Rainy,0,0,4,26,0,94.57
687,Tuesday,Sunny,0,0,4,35,0,86.04
626,Saturday,Sunny,0,0,6,34,0,73.48
949,Sunday,Sunny,0,0,5,37,0,105.09
892,Saturday,Sunny,1,0,9,35,0,98.44
852,Tuesday,Sunny,0,0,8,36,0,111.42
742,Saturday,Sunny,1,0,10,30,0,86.36
886,Friday,Sunny,0,0,10,37,0,109.47
657,Thursday,Sunny,0,0,4,34,0,76.48
873,Friday,Rainy,0,0,6,26,1,112.45
677,Sunday,Sunny,0,0,5,28,0,78.76
686,Sunday,Cold,0,0,2,11,0,82.51
632,Friday,Sunny,1,0,5,36,0,62.09
860,Sunday,Sunny,0,0,7,31,0,98.64
870,Tuesday,Sunny,0,0,5,31,0,99.55
721,Sunday,Sunny,0,0,9,28,0,91.19
609,Monday,Rainy,0,0,9,26,0,77.94
764,Thursday,Rainy,0,0,1,27,0,81.44
701,Sunday,Sunny,0,0,8,35,0,90.79
875,Saturday,Rainy,0,1,3,22,1,83.53
800,Saturday,Sunny,0,0,2,28,0,79.65
765,Monday,Rainy,0,0,2,24,0,83.35
743,Sunday,Rainy,0,0,9,22,0,89.14
716,Tuesday,Sunny,1,1,7,30,0,63.92
901,Thursday,Sunny,0,0,8,37,0,113.58
697,Sunday,Sunny,1,1,5,33,0,61.81
717,Friday,Rainy,0,0,10,22,0,90.37
933,Wednesday,Sunny,0,0,8,35,0,121.82
869,Sunday,Cold,1,1,4,11,0,78.59
805,Thursday,Rainy,0,0,2,20,1,96.78
740,Wednesday,Cold,0,0,7,18,0,93.73
659,Sunday,Cold,0,0,1,13,1,82.57
693,Monday,Cold,0,0,2,13,0,84.49
750,Friday,Sunny,0,1,5,33,0,78.88
895,Sunday,Cold,0,0,2,12,0,107.07
865,Monday,Sunny,0,0,2,36,0,91.89
799,Thursday,Sunny,0,0,9,37,0,105.61
926,Tuesday,Sunny,0,0,7,29,0,107.39
658,Friday,Rainy,0,0,4,30,1,79.49
880,Friday,Rainy,0,0,5,30,0,95.4
779,Saturday,Sunny,0,0,2,28,0,78.51
612,Wednesday,Rainy,0,1,2,24,0,56.94
850,Thursday,Cold,0,0,3,14,0,103.66
842,Saturday,Cold,0,0,1,17,0,96.56
802,Thursday,Rainy,0,0,9,30,0,98.54
756,Tuesday,Rainy,0,0,1,22,0,78.85
738,Sunday,Sunny,0,0,6,34,0,86.53
713,Monday,Rainy,0,0,10,29,0,85.6
859,Sunday,Cold,0,1,8,14,0,100.87
925,Sunday,Sunny,0,0,4,29,0,102.59
807,Tuesday,Sunny,1,0,7,28,0,83.16
820,Sunday,Sunny,0,0,7,33,0,93.61
864,Saturday,Cold,0,0,1,15,0,93.03
608,Tuesday,Sunny,1,0,2,36,0,57.92
938,Saturday,Sunny,0,0,1,35,0,99.94
672,Saturday,Sunny,0,1,9,35,0,72.78
845,Saturday,Sunny,1,0,4,36,0,78.95
744,Tuesday,Sunny,0,0,5,34,0,89.02
942,Sunday,Cold,0,0,7,14,0,113.32
925,Friday,Cold,0,0,2,18,0,101.48
916,Monday,Rainy,0,1,9,26,1,111.17
897,Thursday,Rainy,1,0,9,20,0,105.9
916,Tuesday,Rainy,1,0,4,30,0,93.42
675,Tuesday,Rainy,0,0,3,28,0,66.44
711,Tuesday,Sunny,0,1,6,34,0,75.99
903,Thursday,Sunny,1,0,5,36,0,93.04
743,Tuesday,Sunny,0,0,5,33,0,87.75
789,Sunday,Sunny,1,1,4,29,0,67.05
938,Thursday,Sunny,1,0,3,28,0,95.71
775,Friday,Rainy,0,0,7,28,0,90.93
808,Tuesday,Rainy,1,0,6,28,0,82.33
656,Wednesday,Sunny,0,1,9,32,0,71.52
745,Saturday,Sunny,0,1,7,31,0,67.26
806,Saturday,Sunny,1,0,3,33,1,82.2
623,Wednesday,Sunny,0,0,8,31,0,85.26
928,Monday,Rainy,0,0,3,26,0,97.51
859,Wednesday,Rainy,1,1,4,20,0,75.97
714,Saturday,Rainy,1,0,9,30,0,76.16
652,Thursday,Cold,0,1,9,13,0,81.75
604,Tuesday,Sunny,0,0,4,36,0,73.71
747,Friday,Sunny,0,0,2,30,0,80.49
655,Monday,Sunny,0,0,2,28,0,71.27
603,Saturday,Sunny,0,0,9,29,0,74.2
900,Monday,Rainy,0,0,1,24,0,89.81
667,Tuesday,Cold,0,0,1,16,0,78.1
900,Tuesday,Rainy,0,0,8,27,0,112.39
787,Thursday,Sunny,0,1,1,30,0,74.34
659,Thursday,Sunny,1,0,3,28,0,68.68
744,Saturday,Rainy,0,0,2,26,0,70.85
609,Monday,Sunny,0,0,10,32,0,78.87
818,Tuesday,Sunny,0,0,8,37,0,105.19
686,Wednesday,Rainy,1,0,4,27,0,71.32
702,Monday,Sunny,0,0,3,36,0,70.65
694,Saturday,Sunny,1,0,8,28,1,90.49
603,Friday,Sunny,0,0,1,33,0,66.48
864,Tuesday,Sunny,0,0,3,33,1,105.66
844,Tuesday,Sunny,0,0,4,35,0,100.69
663,Thursday,Rainy,0,0,1,21,0,70.24
767,Sunday,Sunny,0,0,8,28,0,97.87
690,Monday,Rainy,1,0,7,26,0,75.08
794,Wednesday,Rainy,0,1,2,23,0,66.62
690,Monday,Cold,0,0,8,11,0,102.91
802,Tuesday,Rainy,0,0,8,23,0,103.71
769,Friday,Sunny,0,0,2,32,0,86.51
862,Wednesday,Sunny,1,0,6,36,0,90.55
886,Sunday,Sunny,1,0,7,33,0,90.6
798,Thursday,Sunny,0,0,4,28,0,99.68
854,Wednesday,Sunny,0,0,8,29,0,109.18
904,Friday,Sunny,1,1,6,29,0,80.82
845,Thursday,Rainy,0,0,2,26,0,90.71
850,Tuesday,Sunny,0,1,9,38,1,101.36
669,Thursday,Rainy,0,0,2,21,0,74.16
905,Tuesday,Rainy,0,0,3,22,0,98.47
935,Monday,Rainy,0,0,6,26,0,103.66
802,Sunday,Sunny,0,0,9,30,0,99.97
833,Wednesday,Rainy,0,0,4,29,0,98.54
753,Saturday,Rainy,0,0,10,21,0,93.99
946,Saturday,Rainy,0,0,4,20,1,116.79
696,Monday,Rainy,0,0,1,22,0,72.44
871,Tuesday,Sunny,0,0,9,28,0,118.55
801,Friday,Rainy,0,0,2,22,0,88.57
857,Monday,Rainy,1,0,8,20,0,97.84
641,Thursday,Sunny,0,0,6,29,0,72.11
933,Friday,Rainy,0,0,9,24,0,116.17
680,Wednesday,Rainy,0,0,10,22,0,87.13
640,Sunday,Sunny,1,0,10,33,0,76.14
923,Saturday,Sunny,1,0,5,31,0,90.48
923,Sunday,Sunny,0,1,3,37,0,76.68
637,Wednesday,Rainy,0,0,4,24,0,75.54
603,Friday,Cold,1,0,4,20,1,77.85
781,Sunday,Sunny,0,0,7,35,0,89.49
908,Sunday,Rainy,0,1,1,23,0,77.48
913,Thursday,Sunny,0,0,4,35,0,113.29
825,Monday,Rainy,0,0,4,25,1,107.4
802,Wednesday,Sunny,0,0,5,31,0,99.76
617,Saturday,Sunny,0,0,6,35,0,69.37
606,Tuesday,Sunny,0,0,10,32,0,78.05
709,Friday,Rainy,0,0,9,30,0,85.13
636,Tuesday,Rainy,0,0,8,26,0,74.84
899,Thursday,Sunny,1,0,8,37,0,99.84
922,Wednesday,Rainy,1,0,7,22,0,89.95
738,Sunday,Sunny,0,0,5,31,0,85.61
924,Tuesday,Rainy,0,0,7,29,0,104.89
797,Wednesday,Sunny,0,0,6,37,0,96.37
887,Monday,Rainy,0,0,9,24,0,109.3
946,Monday,Sunny,0,0,10,31,0,126.38
916,Wednesday,Sunny,0,1,2,29,0,83.81
631,Friday,Rainy,0,0,9,21,0,83.65
746,Saturday,Cold,1,0,4,12,0,84.63
699,Friday,Rainy,1,0,9,27,0,78.39
736,Saturday,Sunny,0,0,1,31,0,74.87
892,Monday,Cold,0,0,2,14,0,111.95
924,Friday,Rainy,0,1,2,28,0,81.69
726,Friday,Cold,1,0,5,17,0,85.5
802,Monday,Cold,0,0,10,15,1,124.41
885,Monday,Rainy,1,0,2,21,0,79.59
644,Saturday,Sunny,0,0,4,31,0,73.11
790,Sunday,Rainy,0,0,8,27,1,104.93
913,Monday,Sunny,1,0,3,30,0,88.48
933,Friday,Sunny,0,0,3,29,0,107.59
780,Tuesday,Sunny,1,0,1,28,0,76.98
909,Sunday,Rainy,0,0,7,26,0,93.47
863,Tuesday,Rainy,0,0,1,20,0,92.39
620,Friday,Rainy,0,0,10,23,0,76.2
767,Monday,Sunny,0,0,7,35,0,93.54
735,Wednesday,Cold,0,0,6,16,0,91.49
654,Saturday,Sunny,0,0,2,36,0,69.83
936,Sunday,Cold,0,0,6,12,0,113.33
873,Tuesday,Sunny,0,0,9,38,0,106.43
715,Saturday,Rainy,1,0,1,22,0,65.07
658,Monday,Cold,0,0,5,18,0,83.51
888,Tuesday,Sunny,0,0,6,28,0,108.22
864,Saturday,Cold,0,0,3,15,0,97.39
738,Wednesday,Sunny,0,0,6,34,0,88.12
774,Monday,Cold,0,0,1,16,0,84.11
695,Friday,Sunny,0,0,8,29,0,92.21
698,Monday,Rainy,0,0,10,30,0,88.03
837,Wednesday,Sunny,0,0,7,30,0,101.91
935,Friday,Sunny,0,0,4,29,0,107.4
678,Thursday,Rainy,0,0,6,25,0,75.44
788,Friday,Sunny,0,0,3,34,0,88.31
733,Saturday,Sunny,0,0,8,37,0,89.36
703,Sunday,Sunny,0,0,3,29,0,69.62
874,Tuesday,Cold,0,0,4,12,1,127.91
622,Monday,Sunny,0,0,3,34,0,67.57
924,Thursday,Cold,0,1,4,16,0,102.22
887,Wednesday,Rainy,0,0,4,30,0,103.4
623,Monday,Cold,0,0,8,13,0,89.23
620,Sunday,Sunny,0,0,10,30,0,73.15
830,Sunday,Cold,0,0,1,14,0,96.72
718,Monday,Sunny,0,0,7,30,0,90.06
786,Thursday,Sunny,0,0,9,35,0,106.02
842,Wednesday,Sunny,0,1,9,32,0,95.03
799,Wednesday,Cold,1,0,3,11,0,91.34
720,Sunday,Rainy,0,0,4,28,0,79.51
949,Saturday,Sunny,0,1,3,31,0,84.98
718,Friday,Sunny,0,0,3,35,0,76.12
933,Thursday,Sunny,0,0,4,33,0,114.29
630,Wednesday,Rainy,0,0,4,20,0,72.06
635,Monday,Rainy,0,0,3,25,0,67.92
842,Tuesday,Sunny,1,0,7,36,0,87.01
736,Tuesday,Sunny,0,0,6,37,0,89.74
682,Saturday,Sunny,0,0,4,38,0,77.52
635,Thursday,Sunny,0,0,5,35,0,79.99
724,Saturday,Sunny,0,0,2,28,0,71.93
700,Saturday,Sunny,0,1,2,38,0,56.99
637,Tuesday,Rainy,0,0,7,20,0,72.63
896,Wednesday,Rainy,1,0,10,28,0,102.79
756,Saturday,Cold,0,0,5,17,0,90.96
708,Tuesday,Sunny,0,0,7,37,0,77.57
936,Sunday,Sunny,0,0,4,31,1,119.51
800,Friday,Sunny,0,0,6,33,0,91.1
830,Saturday,Sunny,0,0,4,32,1,100.74
779,Saturday,Rainy,0,0,7,26,0,80.87
689,Saturday,Sunny,0,0,6,36,0,72.35
834,Tuesday,Cold,0,0,8,19,0,114.21
611,Saturday,Sunny,1,0,9,38,0,68.43
811,Saturday,Sunny,0,1,7,38,0,72.97
735,Saturday,Sunny,0,1,8,34,0,80.56
875,Saturday,Sunny,1,0,4,29,0,88.08
626,Wednesday,Sunny,0,0,9,31,0,82.51
791,Sunday,Cold,0,0,5,13,0,93.93
666,Friday,Rainy,1,0,10,29,0,73.16
608,Monday,Sunny,1,0,6,28,0,60.81
766,Monday,Sunny,0,0,3,38,0,80.21
765,Friday,Rainy,0,0,5,21,0,89.74
785,Sunday,Sunny,0,0,7,36,0,89.89
856,Friday,Rainy,0,0,10,29,0,105.16
739,Thursday,Sunny,0,0,9,31,0,101.32
880,Monday,Rainy,0,0,3,27,0,95.64
669,Tuesday,Sunny,0,0,9,31,0,92.93
940,Tuesday,Sunny,1,0,1,33,0,89.97
742,Friday,Sunny,0,1,6,31,0,78.5
760,Saturday,Sunny,0,0,9,35,0,93.09
904,Monday,Sunny,0,1,5,37,0,84.35
709,Wednesday,Rainy,1,0,8,20,0,83.91
780,Wednesday,Rainy,1,0,6,21,0,77.32
778,Thursday,Sunny,0,1,5,35,0,74.92
924,Monday,Cold,0,0,7,14,1,132.29
833,Friday,Cold,0,0,5,18,0,108.28
901,Sunday,Sunny,0,0,9,35,0,116.96
832,Tuesday,Sunny,0,0,9,35,0,109.05
645,Saturday,Cold,0,0,10,16,0,83.32
706,Thursday,Sunny,0,0,10,36,1,97.06
633,Tuesday,Sunny,0,0,8,28,0,87.69
895,Sunday,Sunny,0,0,7,36,0,97.37
901,Tuesday,Rainy,1,0,5,24,1,103.94
878,Monday,Cold,1,0,5,18,0,98.05
739,Thursday,Rainy,0,0,3,26,0,81.06
773,Monday,Sunny,1,0,7,30,0,83.95
829,Thursday,Cold,0,0,8,10,0,123.66
802,Monday,Sunny,0,0,6,37,0,88.2
834,Friday,Rainy,0,1,4,21,1,88.46
720,Wednesday,Sunny,0,0,8,30,0,97.42
935,Thursday,Rainy,0,0,10,28,0,116.25
678,Tuesday,Sunny,0,0,8,38,1,94.23
761,Saturday,Sunny,0,1,6,33,0,74.05
829,Tuesday,Rainy,1,0,3,23,0,79.87
681,Saturday,Rainy,0,0,7,27,0,70.18
872,Saturday,Rainy,0,0,6,21,0,97.3
807,Sunday,Rainy,0,0,3,26,0,76.53
897,Tuesday,Cold,0,1,2,13,0,93.05
937,Wednesday,Sunny,0,0,2,30,0,107.44
937,Monday,Cold,0,0,10,18,0,126.35
881,Sunday,Rainy,0,1,6,30,0,84.96
695,Thursday,Sunny,0,0,9,36,0,91.36
611,Monday,Sunny,1,0,9,33,0,77.23
857,Sunday,Sunny,0,0,2,31,0,85.81
663,Monday,Sunny,0,1,3,36,0,56.62
759,Monday,Sunny,1,1,8,38,0,72.95
831,Tuesday,Sunny,0,0,2,32,0,87.76
685,Wednesday,Rainy,0,0,9,27,0,86.03
887,Saturday,Cold,0,0,4,11,0,106.59
659,Monday,Sunny,1,0,1,28,0,65.07
666,Sunday,Sunny,0,0,7,34,0,78.58
934,Sunday,Rainy,0,1,8,20,0,98.6
848,Monday,Cold,0,0,2,16,0,98.61
706,Saturday,Rainy,0,1,2,27,0,57.3
775,Sunday,Sunny,0,0,1,37,0,76.8
649,Sunday,Sunny,0,0,2,38,0,62.48
739,Friday,Sunny,0,0,4,37,1,91.41
665,Monday,Cold,0,0,5,11,0,86.05
845,Thursday,Sunny,0,0,5,33,1,112.63
657,Wednesday,Rainy,0,0,3,22,0,67.29
812,Friday,Sunny,0,0,2,29,0,91.63
860,Wednesday,Sunny,0,0,6,31,0,99.74
691,Friday,Rainy,0,0,6,30,1,89.45
607,Tuesday,Sunny,0,0,5,33,0,75.06
754,Tuesday,Sunny,0,0,8,38,0,94.22
661,Wednesday,Sunny,1,0,4,38,0,68.67
659,Wednesday,Rainy,0,0,1,24,0,64.64
895,Monday,Sunny,1,0,5,32,0,91.67
935,Thursday,Rainy,1,0,3,20,0,84.7
825,Friday,Rainy,1,1,4,22,0,76.22
899,Monday,Cold,0,0,6,10,1,131.33
922,Friday,Sunny,1,0,3,31,0,95.09
674,Tuesday,Sunny,0,0,3,37,0,68.05
660,Tuesday,Rainy,0,0,6,20,0,74.24
696,Monday,Sunny,0,1,7,31,0,74.78
848,Friday,Sunny,0,0,4,36,0,93.33
877,Tuesday,Rainy,1,0,8,22,1,109.92
750,Wednesday,Cold,1,0,9,14,0,96.49
758,Friday,Sunny,0,0,5,36,0,86.12
918,Friday,Rainy,1,0,5,23,0,92.52
901,Sunday,Cold,0,1,10,16,0,101.91
745,Wednesday,Sunny,0,0,3,35,0,80.03
861,Thursday,Cold,0,0,9,16,1,131.6
875,Wednesday,Sunny,0,0,7,29,0,107.74
780,Monday,Rainy,0,0,1,29,0,83.75
691,Sunday,Sunny,0,0,4,36,0,78.59
680,Monday,Sunny,0,0,3,33,0,76.89
701,Thursday,Sunny,0,0,7,32,0,84.57
725,Friday,Rainy,1,0,9,24,0,81.03
687,Monday,Rainy,0,0,2,21,0,70.59
780,Wednesday,Cold,0,0,9,13,1,125.15
911,Wednesday,Sunny,0,0,1,32,1,114.19
613,Saturday,Sunny,0,0,5,37,0,68.9
875,Thursday,Cold,1,0,2,14,1,109.25
947,Friday,Sunny,0,0,6,28,0,111.35
781,Tuesday,Sunny,0,0,4,33,0,92.53
635,Saturday,Sunny,0,0,7,32,0,76.06
641,Friday,Sunny,0,0,5,29,0,72.63
820,Friday,Sunny,1,0,8,31,0,95.93
841,Thursday,Sunny,0,0,7,33,0,99.98
933,Thursday,Sunny,0,0,10,35,0,124.23
820,Thursday,Sunny,0,0,2,30,0,91.33
659,Saturday,Sunny,0,0,10,33,0,81.36
750,Wednesday,Sunny,1,0,9,38,0,86.01
729,Tuesday,Sunny,0,0,10,35,0,95.98
923,Friday,Sunny,0,1,9,35,0,105.8
704,Tuesday,Sunny,0,1,4,35,0,73.91
645,Friday,Cold,0,0,6,10,0,84.29
631,Wednesday,Sunny,0,0,10,33,0,79.17
737,Monday,Cold,1,1,8,10,0,81.69
849,Sunday,Rainy,0,0,4,26,0,95.99
666,Monday,Cold,0,0,8,20,0,93.44
742,Wednesday,Sunny,0,0,6,35,0,90.75
727,Saturday,Cold,0,1,8,15,0,81.77
726,Friday,Cold,0,0,2,18,0,81.95
680,Sunday,Sunny,0,1,5,36,0,59.73
735,Thursday,Sunny,0,0,5,34,0,90.42
902,Saturday,Sunny,0,0,1,31,0,94.15
908,Monday,Cold,0,0,9,10,0,126.13
704,Tuesday,Sunny,0,0,8,31,0,91.88
737,Monday,Rainy,0,0,10,29,0,92.02
737,Thursday,Sunny,0,0,5,35,0,88.59
820,Wednesday,Sunny,0,0,2,33,0,88.46
811,Tuesday,Cold,1,0,1,10,0,83.81
700,Tuesday,Sunny,1,1,8,34,0,67.79
763,Tuesday,Cold,0,0,4,19,0,95.87
889,Sunday,Rainy,0,0,4,23,0,93.56
789,Tuesday,Sunny,0,0,8,35,0,104.43
842,Thursday,Sunny,0,0,3,37,0,92.91
747,Sunday,Cold,0,0,3,20,1,92.66
832,Wednesday,Sunny,0,1,10,33,0,96.28
626,Saturday,Sunny,1,0,4,38,0,64.14
759,Tuesday,Sunny,0,0,7,36,0,84.58
889,Sunday,Sunny,1,1,5,34,0,75.17
623,Saturday,Cold,0,0,10,17,0,84.75
905,Sunday,Sunny,0,0,9,33,0,117.07
